{
  "type": "api",
  "version": "v4.3.0",
  "data": {
    "id": "d8bad82f-5a29-4ee4-87a9-70dd90fcfc48",
    "name": "BankingPaymentsAPI",
    "description": "API Definition of BankingPaymentsAPI",
    "context": "/pay",
    "version": "1.0.0",
    "provider": "admin",
    "lifeCycleStatus": "PUBLISHED",
    "responseCachingEnabled": false,
    "cacheTimeout": 300,
    "hasThumbnail": false,
    "isDefaultVersion": false,
    "isRevision": true,
    "revisionedApiId": "d8bad82f-5a29-4ee4-87a9-70dd90fcfc48",
    "revisionId": 2,
    "enableSchemaValidation": false,
    "enableSubscriberVerification": false,
    "type": "HTTP",
    "transport": [
      "http",
      "https"
    ],
    "tags": [],
    "policies": [
      "Unlimited"
    ],
    "authorizationHeader": "Authorization",
    "apiKeyHeader": "ApiKey",
    "securityScheme": [
      "oauth_basic_auth_api_key_mandatory",
      "oauth2"
    ],
    "visibility": "PUBLIC",
    "visibleRoles": [],
    "visibleTenants": [],
    "mediationPolicies": [],
    "subscriptionAvailability": "CURRENT_TENANT",
    "subscriptionAvailableTenants": [],
    "additionalProperties": [],
    "additionalPropertiesMap": {},
    "accessControl": "NONE",
    "accessControlRoles": [],
    "businessInformation": {},
    "corsConfiguration": {
      "corsConfigurationEnabled": false,
      "accessControlAllowOrigins": [
        "*"
      ],
      "accessControlAllowCredentials": false,
      "accessControlAllowHeaders": [
        "authorization",
        "Access-Control-Allow-Origin",
        "Content-Type",
        "SOAPAction",
        "apikey",
        "Internal-Key"
      ],
      "accessControlAllowMethods": [
        "GET",
        "PUT",
        "POST",
        "DELETE",
        "PATCH",
        "OPTIONS"
      ]
    },
    "websubSubscriptionConfiguration": {
      "enable": false,
      "secret": "",
      "signingAlgorithm": "SHA1",
      "signatureHeader": "x-hub-signature"
    },
    "createdTime": "1719106863550",
    "lastUpdatedTimestamp": "1719106863550",
    "lastUpdatedTime": "2024-06-23 07:11:03.55",
    "endpointConfig": {
      "endpoint_type": "http",
      "sandbox_endpoints": {
        "url": "http://wso2mi-service:8290/pay"
      },
      "production_endpoints": {
        "url": "http://wso2mi-service:8290/pay"
      }
    },
    "endpointImplementationType": "ENDPOINT",
    "scopes": [],
    "operations": [
      {
        "id": "",
        "target": "/",
        "verb": "POST",
        "authType": "Application \u0026 Application User",
        "throttlingPolicy": "Unlimited",
        "scopes": [],
        "usedProductIds": [],
        "operationPolicies": {
          "request": [],
          "response": [],
          "fault": []
        }
      },
      {
        "id": "",
        "target": "/allrecords",
        "verb": "GET",
        "authType": "Application \u0026 Application User",
        "throttlingPolicy": "Unlimited",
        "scopes": [],
        "usedProductIds": [],
        "operationPolicies": {
          "request": [],
          "response": [],
          "fault": []
        }
      },
      {
        "id": "",
        "target": "/info",
        "verb": "GET",
        "authType": "Application \u0026 Application User",
        "throttlingPolicy": "Unlimited",
        "scopes": [],
        "usedProductIds": [],
        "operationPolicies": {
          "request": [],
          "response": [],
          "fault": []
        }
      }
    ],
    "categories": [],
    "keyManagers": [
      "all"
    ],
    "advertiseInfo": {
      "advertised": false,
      "apiOwner": "admin",
      "vendor": "WSO2"
    },
    "gatewayVendor": "wso2",
    "gatewayType": "wso2/synapse",
    "asyncTransportProtocols": [],
    "organizationId": "carbon.super"
  }
}