{
  "openapi" : "3.0.1",
  "info" : {
    "title" : "BankingPaymentsAPI",
    "description" : "API Definition of BankingPaymentsAPI",
    "version" : "1.0.0"
  },
  "servers" : [ {
    "url" : "http://localhost:8290/pay"
  } ],
  "security" : [ {
    "default" : [ ]
  } ],
  "paths" : {
    "/" : {
      "post" : {
        "responses" : {
          "default" : {
            "description" : "Default response"
          }
        },
        "security" : [ {
          "default" : [ ]
        } ],
        "x-throttling-tier" : "Unlimited",
        "x-auth-type" : "Application & Application User",
        "x-wso2-application-security" : {
          "security-types" : [ "oauth2" ],
          "optional" : false
        }
      }
    },
    "/allrecords" : {
      "get" : {
        "responses" : {
          "default" : {
            "description" : "Default response"
          }
        },
        "security" : [ {
          "default" : [ ]
        } ],
        "x-throttling-tier" : "Unlimited",
        "x-auth-type" : "Application & Application User",
        "x-wso2-application-security" : {
          "security-types" : [ "oauth2" ],
          "optional" : false
        }
      }
    },
    "/info" : {
      "get" : {
        "responses" : {
          "default" : {
            "description" : "Default response"
          }
        },
        "security" : [ {
          "default" : [ ]
        } ],
        "x-throttling-tier" : "Unlimited",
        "x-auth-type" : "Application & Application User",
        "x-wso2-application-security" : {
          "security-types" : [ "oauth2" ],
          "optional" : false
        }
      }
    }
  },
  "components" : {
    "securitySchemes" : {
      "default" : {
        "type" : "oauth2",
        "flows" : {
          "implicit" : {
            "authorizationUrl" : "https://test.com",
            "scopes" : { }
          }
        }
      }
    }
  },
  "x-wso2-auth-header" : "Authorization",
  "x-wso2-api-key-header" : "ApiKey",
  "x-wso2-cors" : {
    "corsConfigurationEnabled" : false,
    "accessControlAllowOrigins" : [ "*" ],
    "accessControlAllowCredentials" : false,
    "accessControlAllowHeaders" : [ "authorization", "Access-Control-Allow-Origin", "Content-Type", "SOAPAction", "apikey", "Internal-Key" ],
    "accessControlAllowMethods" : [ "GET", "PUT", "POST", "DELETE", "PATCH", "OPTIONS" ]
  },
  "x-wso2-production-endpoints" : {
    "urls" : [ "http://wso2mi-service:8290/pay" ],
    "type" : "http"
  },
  "x-wso2-sandbox-endpoints" : {
    "urls" : [ "http://wso2mi-service:8290/pay" ],
    "type" : "http"
  },
  "x-wso2-basePath" : "/pay/1.0.0",
  "x-wso2-transports" : [ "http", "https" ],
  "x-wso2-application-security" : {
    "security-types" : [ "oauth2" ],
    "optional" : false
  },
  "x-wso2-response-cache" : {
    "enabled" : false,
    "cacheTimeoutInSeconds" : 300
  }
}